Context,Collocate
"Years 1806-1810: been taken that every. anatomical fact brought forward, should be ascertained",ascertained
Years 1806-1810: in coasequence of the important fact lately ascertained by M. M.,ascertained
"Years 1806-1810: in a fluid state. This fact was ascertained in the skate,",ascertained
"Years 1806-1810: he stated, that this new fact induced him to conceive that",new
"Years 1806-1810: merely to ascertain the general fact of decomposition, the process was",general
Years 1806-1810: considered as merely announcing/the general fact of the combustibility of a,general
Years 1806-1810: particular points of rest. This fact may in- duce us to,may
Years 1806-1810: soda are heavier ; this fact may be explained on either,may
Years 1806-1810: some one ingredient; may in fact be/limited by a new' order,may
Years 1806-1810: oxygene. May it not in fact be a pecutzar acidifying and,may
