Context,Collocate
"Years 1804-1808: dinary, that 80 important a fact as that of the frigorific",important
Years 1804-1808: a knowledge of that important fact might perhaps enable us to,important
"Years 1804-1808: persons some great and important fact must issue, and I hope",important
Years 1804-1808: in coasequence of the important fact lately ascertained by M. M.,important
"Years 1804-1808: been taken that every. anatomical fact brought forward, should be ascertained",ascertained
Years 1804-1808: in coasequence of the important fact lately ascertained by M. M.,ascertained
"Years 1804-1808: the preceding experiments, had in fact been retarded by the vicinity",preceding
"Years 1804-1808: merely to ascertain the general fact of decomposition, the process was",general
"Years 1804-1808: whether they may not in fact be more comfortable, and better",may
"Years 1804-1808: produced by art, unless a fact noticed by Mr. Cyexevix may",may
Years 1804-1808: particular points of rest. This fact may in- duce us to,may
Years 1804-1808: soda are heavier ; this fact may be explained on either,may
Years 1804-1808: some one ingredient; may in fact be/limited by a new' order,may
