Context,Collocate
"Years 1807-1811: been taken that every. anatomical fact brought forward, should be ascertained",ascertained
Years 1807-1811: in coasequence of the important fact lately ascertained by M. M.,ascertained
"Years 1807-1811: in a fluid state. This fact was ascertained in the skate,",ascertained
"Years 1807-1811: in the thoracic duct, This fact I ascertained at the Veterinary",ascertained
Years 1807-1811: appear to me that the fact deserved to be ascertained by,ascertained
"Years 1807-1811: he stated, that this new fact induced him to conceive that",new
"Years 1807-1811: merely to ascertain the general fact of decomposition, the process was",general
Years 1807-1811: considered as merely announcing/the general fact of the combustibility of a,general
Years 1807-1811: particular points of rest. This fact may in- duce us to,may
Years 1807-1811: soda are heavier ; this fact may be explained on either,may
Years 1807-1811: some one ingredient; may in fact be/limited by a new' order,may
Years 1807-1811: oxygene. May it not in fact be a pecutzar acidifying and,may
"Years 1807-1811: nebulous matter, or may in fact be such highly condensed nebulz.",may
