Context,Collocate
"Years 1805-1809: persons some great and important fact must issue, and I hope",important
Years 1805-1809: in coasequence of the important fact lately ascertained by M. M.,important
"Years 1805-1809: been taken that every. anatomical fact brought forward, should be ascertained",ascertained
Years 1805-1809: in coasequence of the important fact lately ascertained by M. M.,ascertained
"Years 1805-1809: in a fluid state. This fact was ascertained in the skate,",ascertained
"Years 1805-1809: only as a curious chemical fact not altogether unimportant, yet as",chemical
Years 1805-1809: confined himself to stating the fact tothe chemical world. Little notice,chemical
"Years 1805-1809: he stated, that this new fact induced him to conceive that",new
"Years 1805-1809: merely to ascertain the general fact of decomposition, the process was",general
Years 1805-1809: considered as merely announcing/the general fact of the combustibility of a,general
"Years 1805-1809: produced by art, unless a fact noticed by Mr. Cyexevix may",may
Years 1805-1809: particular points of rest. This fact may in- duce us to,may
Years 1805-1809: soda are heavier ; this fact may be explained on either,may
Years 1805-1809: some one ingredient; may in fact be/limited by a new' order,may
