Context,Collocate
"Years 1801-1805: dinary, that 80 important a fact as that of the frigorific",important
Years 1801-1805: a knowledge of that important fact might perhaps enable us to,important
"Years 1801-1805: persons some great and important fact must issue, and I hope",important
"Years 1801-1805: the various ramifications, are in fact so many very perfect but",many
Years 1801-1805: we may fairly state the fact thus; that muriate of lime,state
Years 1801-1805: permit me to state the fact with certainty. 'These grains have,state
